,,
,,
Project ID,Project CAPEX ID,Project OPEX ID
,,
IT-00148 - IT initiative [template],,
IT-03002 - 8116 - Include Almeria Gypsum in SAP,,C7941/8116
IT-03035 - Vonage EBP Benelux,,
,,
IT-00002 - 2663 Symphony,O7941/2513,C7941/2663
IT-00110 - Enhance Oddyssee 4PL Solution,,
IT-03012 - 2633 Compass,,C7941/2633
IT-03017 - 2665 KPMG Audit for SAP ERP,,c7941/2650
IT-i00096 - 8208 - IT of Tomorrow,,
IT-i00117 - IT In?tiatives ITBS,,
,,
IT-00092 - 2756-Additional Reporting for SHINE,O7941/2645,C7941/2756
IT-00100 - 2439-Vonage for EBP in Ratingen,,C7941/2439
IT-00127 - 2767 - Vonage France,,C7941/2767
IT-00141 - 2771 - eInvoice Norway,,C7941/2771
IT-03024 - 2705 Dashboards creation in tableau,,c7941/2705
IT-03030 - 3030 Catalyx - Lead Management,,C7941/3030
IT-03032 - 3032 - eInvoice Spain,,C7941/3032
IT-i00022 - 2668-OneCRM Salesforce Rollout Skamol,,c7941/2668
IT-i00046 - 2701-OneCRM Insulation,,C7941/2701
IT-i00087 - 2600-Shine data foundation & dashboard,,C7941/2600
IT-i00120 - 2739-Vonage Implmt Etex DE Extr ,,C7941/2739
IT-i00121 - 2738-Pricing tool Sharp,,C7941/2738
IT-i20056 - 1912-New Pricing solution,,
IT-i20059 - 1925-Product & Content 360 Foundation,,
IT-i20060 - 1928-Customer 360 Foundations,,
IT-i20110 - 2393-Implmnt Fiori Prcng app for Ins Div,,
,,
IT-00052 - 8210-Finance/Legal compliance requests,,C7941/8210
IT-00153 - 2779 ISO20022 - Payment format changes,,C7941/2779
IT-i00015 - 2655-Concur URSA/FSI/Skamol,O7941/2509/1,C7941/2655
IT-i00034 - 2023-Treasury Management System,O7941/2603,C7941/2023
IT-i20092 - 2296-Autom intrnl cntrls w/Data Bricks,,
,,
IT-00106 - 2750-EPD Pulse & Support for R&D,O7942/2602,C7941/2750
IT-00107 - 2788 - Foundations - AI Initiatives,,C7941/2788
IT-00108 - 8197-Ursa Support 2026-AnalyticsTeam,Not needed,C7941/8197
IT-00111 - 2780- Data Foundation MDP Security plt,,
IT-00131 - IT Initiatives Data & Analytics 2026,,
IT-00150 - 2789 - Self Service Enablement 2026-P2,O7941/2639,C7941/2789
IT-03022 - 2693 Avaia,,C7941/2693
IT-03025 - 8003 Supplier parts,,C7941/8003
IT-03031 - 2728 - OCR Latam,,C7941/2728
IT-i00020 - 2743-Intelligent Autom In?t 2026,O7941/2615,C7941/2743
IT-i00052 - 2714-One MDM Stibo STIBO,O7941/2620,C7941/2714
IT-i00058 - 2720-Self Service Enablement 2026-P1,O7941/2607,C7941/2720
IT-i00081 - 8196 - Shine LATAM requirements,,C7941/8196
IT-i00097 - 2741-Data Platform 360,O7941/2612,C7941/2741
IT-i00098 - 2742-Security and Compliance,O7941/2611,C7941/2742
IT-i00116 - IT In?tiatives  Automation 2026,,
IT-i00122 - 8702-R&D - Automation Initiatives - 2026,,
IT-i00124 - 8164-R&D - Automation Initiatives - 2026,,
IT-i20036 - 1778-2025 MDP Foundation Initiatives,,
IT-i20062 - 2043-Innova Montage Selector,,
IT-i20072 - 2148-VIM Monitoring,,
IT-i20073 - 2151-B2Wise Monitoring,,
IT-i20077 - 2178-ETEX Mate Purchasing Mod,,
IT-i20083 - 2204-Safety Induction Apps,,
,,
IT-00021 - 2783 - Siniat Calculator 2.0,,C7941/2783
IT-00025 - 2792 - Design System Activation,O7941/2622,C7941/2792
IT-00032 - Promat Structural Prot. Calc. BulkCal,,C7941/2776
IT-00036 - 2644 One FC Website (DIG-001312),O7941/2625,C7941/2644
IT-00041 - 2768 GEO,,C7941/2768
IT-00042 - Marketing Performance Dashboard? (DIG-001642),O7941/2623,C7941/2758
IT-00044 - 2784 Siniat - External Databases (<25k),,C7941/2784
IT-00045 - AutoEPD (DIG-001787),,
IT-00046 - CCI Survey + Website Enhancements,,
IT-00047 - Promat Fire Stopping Selector,,
IT-00048 - Customer Portal - My Etex revamp 2026,O7941/2637,C7941/2786
IT-00049 - OnePromat websites 2026,,
IT-00093 - Digital BAU,O7941/2624,
IT-00094 - Q1 2026 Digital BAU,O7941/2624,
IT-00095 - Q2 2026 Digital BAU,O7941/2624,
IT-00096 - Q3 2026 Digital Website Improvements,O7941/2636,
IT-00097 - Q4 2026 Digital Website Improvements,,
IT-00098 - Promat Ducting Calculator - Expansion,,
IT-00101 - AI Lead Scoring + External Database,,
IT-00114 - 2775 Critical CMS risk mitigation,,C7941/2775
IT-00117 - Design System Wave 1,,
IT-00118 - Design System Wave 2,,
IT-00137 - 2676-Virtual Agent PH1 chatbot/website,O7941/2640,C7941/2676
IT-00146 - 2793-Promat – Energy and CO² Calculator,,C7941/2793
IT-03008 - 2025 - MyEtex & Eordering,O7941/2502/2,c7941/2619
IT-03009 - 2622 Lead Scoring AI,,C7941/2622
IT-03027 - Global FOS,,
IT-03028 - 2784 Siniat DE - External databases,,C7941/2784
IT-03033 - Stibo - Integration work digital,,
IT-m00028 - 2712 - Future of Specification,O7941/2524,C7941/2712
,,
IT-00099 - 2761 Skamol Continuous Improvement,,C7941/2761
IT-00112 - 2760 - Polaris template enrichment,O7941/2629,C7941/2760
IT-00113 - 2791 Polaris Drumarkon Integration,,
IT-03004 - 2150 Business Objects Decomissioning pr,,c7941/2150
IT-03006 - 2577 Clean Core (Polaris),,c7941/2577
IT-03018 - 2672 Siniat Design IT Transition,,
IT-i00027 - 2673-M4F Etex Bulgaria,,C7941/2673
IT-i00028 - 2567-Polaris PROGRAM,,C7941/2567
IT-i00035 - 2595-Skamol Migration - Polaris,,C7941/2595
IT-i00036 - 2685-Polaris Insulation Project,,C7941/2685
IT-i00059 - 2724-Insulation Fiori integration,,C7941/2724
IT-i20040 - 1818-Etex Target Architecture,,C7941/1818
,,
IT-00109 - 8222- Finance MDP activities 2026,O7941/2635,C7941/8222
IT-i00024 - 2669-Resedign Profitability Model,N7941/2507,C7941/2669
IT-i00042 - 2689-TACOS,O7941/2517,C7941/2689
,,
IT-00121 - 2766- Etex Connect Data Modernization,O7941/2643,C7941/2766
IT-i00118 - IT Initiatives Governance,,
,,
IT-00060 - 2785 - AI FOR HR,O7941/2644,C7941/2785
IT-00061 - 2751-EC&SuccessFactors Change,O7941/2621,C7941/2751
IT-00132 - Payroll APAC BIPO AUNZ,,
IT-00134 - Payroll APAC BIPO China,,
IT-00135 - 2790 Payroll APAC BIPO (AU+NZ+CN),,C7941/2790
IT-03029 - Payroll EMEA SD Worx,,
IT-03036 - Test Audrey RF3,,
IT-i00001 - 2717 - Comp & Ben + Perf Review 2026,O7941/2604,C7941/2717
IT-i00032 - 2036-France Payroll Project,,C7941/2036
IT-i00082 - 2727 EU Pay transparency Directive,O7941/2606,C7941/2727
IT-i20074 - 2160-Global Payroll RFP support,,
IT-i20107 - 2383-People Data Foundations?,,C7941/2383
IT-i20126 - 2496-Etex Talent Assessment,,
,,
IT-00053 - 2696-IT/OT Convergence General Acha(AR),,C7941/2696
IT-00054 - 8190-IT/OT Convergence Villeneuve SL,O9567/26-002,C7941/8190
IT-00055 - 8213-IT/OT Convergence Sint-Niklaas(BE),,C7941/8213
IT-00056 - 8216-IT/OT CONVERGENCE San Gabriel (CL),,C7941/8216
IT-00057 - 8217-IT/OT CONVERGENCE Santa Rosa (CL),,C7941/8217
IT-00058 - 8218-IT/OT CONVERGENCE Maipu (CL),,C7941/8218
IT-00059 - 8219-IT/OT Convergence Santa Cruz (BR),,
IT-00069 - 8191 - IT/OT Convergence : Rantigny,,
IT-00070 - 8192 - IT/OT Convergence : Loriol,O9563/2608,C7941/8192
IT-00071 - 8193 - IT/OT Convergence: Caresse,,
IT-00072 - 8194 - IT/OT Convergence: Mériel,,
IT-00073 - 8195-IT/OT Convergenc Remagin Leeds(UK),,
IT-00074 - 8214 IT/OT Convergence Romania,O2326/2609,C7941/8214
IT-00075 - 8215-IT/OT Converge for OEE Filago(IT),O6300/2603,
IT-00086 - IT/OT PROGRAM,,C7941/2726
IT-00151 - 8223-IT/OT Convergence Portillo (ES),,C7941/8223
IT-03021 - 2692 IT/OT Convergence for Ottmarsheim,,c7941/2692
IT-03023 - 2695 IT/OT Integration for OEE Dubai ,,c7941/2695
IT-i00006 - 8117-IT/OT Conv - Net IT OT- EMS Albi,,C7941/8117
IT-i00007 - 8114-IT/OT Conv Le Pin for OEE App (FR),,C7941/8114
IT-i00045 - 2700-IT/OT Conv Neubeckum & OEE imp,,C7941/2700
IT-i00047 - 2703-IT/OT Convergence Tisselt (BE),,C7941/2703
IT-i00048 - 2704-IT/OT Conv- Re-location Skamol CH,,C7941/2704
IT-i00049 - 2706-IT/OT Convergence Mazan (France),,C7941/2706
IT-i00050 - 2708-IT/OT Integration Huachipa (Peru),,C7941/2708
IT-i00067 - 2726-IT/OT convergency for URSA plants,,C7941/2726
IT-i00090 - 8202-IT/OT Convergence Sobota (Poland),,
IT-i00092 - 8199 - IT/OT Convergence EMS Altona,,
IT-i00093 - 8200 - IT/OT Convergence InTouch (DE),,
IT-i00101 - 8157-IT/OT sys upgrd on old Bristol 1&2,,
IT-i00109 - 8102 - IT/OT Conv. for Cartagena CO,,
IT-i00110 - 2711 - IT/OT Conv.for Manizales (CO),,C7941/2711
,,
IT-00030 - Nexus Program,,
IT-00031 - 2690 Nexus - MVP - Ferrybridge,O7941/2519,C7941/2690
IT-00129 - IT Initiatives Manufacturing 2026,,
IT-00136 - 2774 Manufacturing AI Ecosystem Etex,,C7941/2774
IT-00144 - 2781- MDP Review and Improvements,,C7941/2781
IT-00145 - 2782 - One Manufacturing 2.0,,
IT-00147 - 2777- Productivity Dashboards,,C7941/2777
IT-00149 - 2787 - Mendix-Workshop-Application,,C7941/2787
IT-03003 - 1896 CMMS Emaint rollout project,,
IT-03007 - 2588 Manufacturing Architecture Project,,c7941/2588
IT-03011 - 2628 Mendix - OEE application 2025,,C7941/2628
IT-03013 - 2637 Water Control Management ,,C7941/2637
IT-03014 - 2640 EHS - Review and Improvements 2025,,
IT-03020 - eMaint X5 - Akmene / Lithuania,,c7941/2686
IT-03026 - 8100 Set of RPA for Manufacturing,,c7941/8100
IT-i00003 - 2722-Mendix-OEE Appl- Continuous Imprv,O7941/2614,C7941/2722
IT-i00008 - 2134-One DMS (Document Mangement System),,C7941/2134
IT-i00011 - 2671-Twister Improvements,,C7941/2671
IT-i00040 - 2682-Quality App 2026,O7941/2642,C7941/2682
IT-i00054 - 2721- Hybrid CPM Digital,O7941/2605,
IT-i00056 - 2715-EMS - Energy Monitoring Sys,O7941/2627,C7941/2715
IT-i00057 - 2716-EHS - Review and Improvements 2026,O7941/2609,C7941/2716
IT-i00083 - 2744-Imp of eMaint X5 - Meriel/FR,,C7941/2744
IT-i00084 - 2745-Imp of eMaint X5 - Carpentras/FR,,C7941/2745
IT-i00085 - 2746-Imp of eMaint X5 - Corfinio/IT,,C7941/2746
IT-i00112 - 2730 - MDP Warehouse Building 2026,O7941/2610,C7941/2730
IT-i20066 - 2106-RFI CMMS-Conf eMaintX5/altrntv CMMS,,
IT-i20079 - 2185-Tisselt Digit Trnsfrm-Prcs Cntrl,,
IT-i20098 - 2358-Rollout eMaintX5/Roadmap Sth Region,,
IT-i20099 - 2359-Rollout eMaintX5 / Roadmap APAC,,
IT-i20100 - 2361-eMaintX5 app/POC Mig andrd devLATAM,,
IT-i20108 - 2385-Beenleigh-Access replcmt project,,
IT-i20109 - 2389-Paper Reel creation Paper App/Nexus,,
IT-i20114 - 2409-2639-EMS Ursa Project Rollout 2026,,
IT-i20115 - 2410-Traceability & SPC Initiative,,
IT-i20116 - 2411-Target Management App-KPI,,C7941/2411
IT-i20117 - 2413-MDP Warehouse Building 2026,,
IT-i20118 - 2416-IT/OT Servers' Service Alignment,,
IT-i20122 - 2422-VendorPrdct mgmt eMaint/Fluke,,
,,
IT-00050 - 2643 Ignite UK V1 (DIG-001293),,C7941/2643
IT-00089 - 2759 - OTIF & SLA KPIs rollout,O7941/2638,C7941/2759
IT-00091 - 2764 AI-Driven Order Intake - Tekst.com,O7941/2628,C7941/2764
IT-00105 - 2778- DPER Data Foundation in MDP,O7941/2641,C7941/2778
IT-00128 - IT Initiatives OTC 2026,,
IT-00138 - 2769 Fiori rollout EBP BELUX,,C7941/2769
IT-00140 - 2770 - eInvoice Slovakia,,
IT-00142 - 2772 - eInvoice Germany,,C7941/2772
IT-00143 - 2773 - eInvoice UAE,,
IT-03000 - 3000 Promat - Working budget,,C7941/3000
IT-03010 - 2623 Mass Renewal FR within quoting ,,C7941/2623
IT-03016 - 2662 Global O2C enhancements,,c7941/2662
IT-i00012 - 2677-E-Invoicing Belgium,,C7941/2677
IT-i00023 - 2675-E-Invoicing Brasil,,C7941/2675
IT-i00037 - 2679-E-Invoicing Poland,,C7941/2679
IT-i00038 - 2680-E-invoicing France,,C7941/2680
IT-i00039 - 2681-E-invoicing Croatia,,C7941/2681
IT-i00041 - 2688-E-Invoicing Nigeria,,C7941/2688
IT-i20050 - 1870-eDocument Poland,,
IT-i20051 - 1886-eDocument Croatia,,
,,
IT-i00086 - 8124 -  Disaster Recovery Program,,
IT-i20064 - 2060-Integ of MS Dfndr TpDsk tcktng tool,,
IT-i20091 - 2286-(TT) Remed Act ClarITy int Audit,,
IT-i20111 - 2397-Disaster Recvry Program-Phase 2,,
,,
IT-00088 - 1192 - Etex Luxembourg new setup in SAP,,
IT-00090 - 2718 - Ariba SLP Deployment 2026,,C7941/2718
IT-00116 - 2564 - Upstream Procurement Platform,,
IT-03019 - 2683 Ariba 2.1 Enhancements,,C7941/2683
IT-i00010 - 2653-Source to Pay -  Fiori applications,,
IT-i00017 - 2615-Analytics - 2025 Procurement,,
IT-i00114 - 2191 - S2P Catalog mig (Ariba -> S/4),,
IT-i00119 - 8206-Procurement data and automation,O7941/2616,C7941/8206
,,
IT-00063 - 2740-Moving average IC sales price,,C7941/2740
IT-00084 - 2763 - EWM migration Valdemoro,O7941/2633,C7941/2763
IT-00126 - IT Initiatives SC Execution 2026,,
IT-03034 - SAP LE-TRA decommissioning,,
IT-i00013 - 2678-E-CMR,,C7941/2678
IT-i00025 - 2621-4PL Oddyssee integration,,C7941/2621
IT-i00044 - 2699-Fibrecement Nordics warehouse 7510,,C7941/2699
IT-i00055 - 2713-PTV migration to cloud,O7941/2602,C7941/2713
IT-i20002 - 1588-CCTV-Loading Bay,,
IT-i20081 - 2193-scanning implementation in Gacki,,
IT-i20082 - 2196-SC Logistics Target Architecture,,
IT-i20094 - 2335-Fesblt anly mgrtn of LE-TRA-SAP TM,,
,,
IT-00062 - 2749-Anaplan for Pladur,,C7941/2749
IT-00080 - 2762-APO decommissioningur,O7941/2634,C7941/2762
IT-00103 - 2755- Supply Chain MDP activities 2026,O7941/2631,C7941/2755
IT-i00014 - 2612-Helios Promat DP,,C7941/2612
IT-i00018 - 2610-Helios Rollout Exteriors,,C7941/2610
IT-i20048 - 1859-SC Pln Targt Arch-APO Decom imp inv,,
IT-i20057 - 1916-Global Supply Chain KPI development,,
IT-i20080 - 2188-Rolling forecast from Anaplan 2 TBD,,
IT-i20096 - 2349-Helios-FC Roll out 2026,,
IT-i20097 - 2351-Procurement Assistent,,
,,
IT-i00033 - 2133-Sust Applications - Greendata,O7941/2613,C7941/2133
IT-i00060 - 8024-8024 - EPD Pulse,,
IT-i20093 - 2329-Circularity Report,,C7941/2329
,,
IT-00051 - 8101-Hazelmere OT Server set-up,,C7941/8101
IT-00064 - 8127-Teams Telephony URSA RO Bucharest,,
IT-00065 - 8128-Teams Telephony URSA Beograd,,
IT-00066 - 8129-Teams Telephony Gresik (Indonesia),,
IT-00067 - 8130-Teams Telephony Karawang (Indones),,
IT-00068 - 8131-Teams Telephony Dubai (UAE),,
IT-00076 - 8171-Switches replac Loriol (APs),,
IT-00077 - 8179-Switches replacement Euronit Spain,,
IT-00078 - 2747-Upgrade on-prem Exchange servers,O7941/2617,
IT-00079 - 2748-Onboard OT Devices to Intune,O7941/2618,
IT-00085 - Teams Telephony PROGRAM,,
IT-00087 - 8133-Teams Telephony-POC Matraville,,
IT-00122 - 8010 Teams Telephony Migration Ratingen,,
IT-00123 - 8011 Teams Telephony Migration Beckum,,
IT-00124 - 8042 - Teams Telephony Colombia,,
IT-00125 - 8224-Teams Telephony Vilnius (LT),,C7941/8224
IT-00130 - IT Initiatives ITCS - Workplace 2026,,
IT-00152 - 8160-New IT Room & Network KoB,,C7941/8160
IT-03001 - Active Directory hardening,,
IT-03015 - 2650 Skamol Network Standardisation,,C7941/2650
IT-i00004 - 8112-AI-Driven Service Desk Support,,C7941/8112
IT-i00005 - 2694-SYSVOL Upgrade from FRS to DFSR,,C7941/2694
IT-i00009 - 2130-GTT renewal implementation,,C7941/2130
IT-i00019 - 2635-Azure Regional Clouds,,C7941/2635
IT-i00051 - 2709-Teleport - 3rd party connectivity,O7941/2523,C7941/2709
IT-i00061 - 8125-Teams Telephony EFBP plants (FR),,
IT-i00062 - 8126-Teams Telephony Corfinio (IT),,
IT-i00063 - 8132-Teams Telephony POC in Tsu (Japan),,
IT-i00064 - 8134-ITCS Documentation improvement,,
"IT-i00065 - 8138-Cloud RFP, strategy and security",,C7941/8138
IT-i00066 - 8139-IAM General conceptual review,,
IT-i00068 - 8141-UPS VM/Host Shutdown&Restrt Autom,,C7941/8141
IT-i00069 - 8142-FortiGuard Industrial Services,,C7941/8142
IT-i00070 - 8145-APs replacement w/FortiAP Gresik IN,,
IT-i00071 - 8147-CCTV Implementation Hartershofen,,
IT-i00072 - 8122-APs Replacement Meraki w/FortiAP DE,,
IT-i00073 - 8158-Swiches Std Skamol Aarhus&Skive,,
IT-i00074 - 8161-APs rplcmnt EOL WiFi APs at ext UK,,
IT-i00075 - 8177-Swtchs rplcmnt Filago Promat IT,,
IT-i00076 - 8178-Swtchs rplcmnt Bondeno URSA IT,,
IT-i00077 - 8182-DECT Telephony in TT Promat Italy,,
IT-i00078 - 8185-Ricoh Streamline Upgrade,,C7941/8185
IT-i00079 - 8187-Implmt propr MAM condtnl accs polcs,,
IT-i00080 - 8188-Optimize Microsoft E5 services,O7941/2632,C7941/8188
IT-i00089 - 2732 - Assessment Azure environment,,
IT-i00091 - 8189-RFP Electronic Signature,,C7941/8189
IT-i00094 - 8201 - Replace main saw Wuppertal,,
IT-i00099 - 8203 - Swtchs rplcmnt Cisco Forti - AUS,,
IT-i00100 - 8204 - Swtchs rplcmnt Cisco Forti-Altona,,
IT-i00102 - 8013 - Peitz Teams Telephony Migration,,
IT-i00103 - 8014 - Lippendorf Teams Telephony,,
IT-i00104 - 8205 - Review and upg Comms Rooms in AUS,,
IT-i00105 - 8020 - Manual Patching Plnd Maint,,
IT-i00106 - 8105 - Improving standards for Etex WiFi,,C7941/8105
IT-i00107 - 8030 - Encryptng Tlnt trffic SSH srvr,,
IT-i00108 - 8104 - Enbl com betwn XPS-GW fact El Pla,,
IT-i00111 - 2nd Phase CMDB-project,,
IT-i00113 - 8121- APs Rplcmnt Meraki with FortiAP PL,,
IT-i00115 - IT In?tiatives ITCS ,,
IT-i00123 - 8221-8221 - Move of URSA Noisy offices,,
IT-i20033 - 1694-(TT) Gresik-CCTV Infra Imprvmts,,
IT-i20041 - 1819-(TT) MG SI local initiatives,,
IT-i20095 - 2343-(TT) Local Sys-HRIS Ench Gresik&IN,,
IT-i20105 - 2379-(TT) WBW Dabrowa Rgional IT Tasks,,
IT-i20106 - 2380-(TT) Fiber infra Imprvmts Dabrowa,,
IT-i20124 - 2431-(TT) Emergency Attendance Report,,
,,
